<?xml version="1.0" encoding="UTF-8"?>
<document type="com.apple.InterfaceBuilder3.CocoaTouch.Storyboard.XIB" version="3.0" toolsVersion="15400" targetRuntime="iOS.CocoaTouch" propertyAccessControl="none" useAutolayout="YES" useTraitCollections="YES" useSafeAreas="YES" colorMatched="YES" initialViewController="BYZ-38-t0r">
    <device id="retina4_7" orientation="portrait" appearance="light"/>
    <dependencies>
        <plugIn identifier="com.apple.InterfaceBuilder.IBCocoaTouchPlugin" version="15404"/>
        <capability name="Safe area layout guides" minToolsVersion="9.0"/>
        <capability name="documents saved in the Xcode 8 format" minToolsVersion="8.0"/>
    </dependencies>
    <scenes>
        <!--View Controller-->
        <scene sceneID="tne-QT-ifu">
            <objects>
                <viewController id="BYZ-38-t0r" customClass="ViewController" customModule="GlooMovieExersize2" customModuleProvider="target" sceneMemberID="viewController">
                    <view key="view" contentMode="scaleToFill" id="8bC-Xf-vdC">
                        <rect key="frame" x="0.0" y="0.0" width="375" height="667"/>
                        <autoresizingMask key="autoresizingMask" widthSizable="YES" heightSizable="YES"/>
                        <subviews>
                            <tableView clipsSubviews="YES" contentMode="scaleToFill" fixedFrame="YES" alwaysBounceVertical="YES" dataMode="prototypes" style="plain" separatorStyle="default" rowHeight="-1" estimatedRowHeight="-1" sectionHeaderHeight="28" sectionFooterHeight="28" translatesAutoresizingMaskIntoConstraints="NO" id="6yN-2c-yd8">
                                <rect key="frame" x="0.0" y="80" width="375" height="375"/>
                                <autoresizingMask key="autoresizingMask" flexibleMaxX="YES" flexibleMaxY="YES"/>
                                <color key="backgroundColor" red="1" green="1" blue="1" alpha="1" colorSpace="custom" customColorSpace="sRGB"/>
                                <prototypes>
                                    <tableViewCell clipsSubviews="YES" contentMode="scaleToFill" insetsLayoutMarginsFromSafeArea="NO" selectionStyle="blue" hidesAccessoryWhenEditing="NO" indentationLevel="1" indentationWidth="0.0" reuseIdentifier="reuse" id="zw7-4N-TQu" customClass="TableViewCell" customModule="GlooMovieExersize2" customModuleProvider="target">
                                        <rect key="frame" x="0.0" y="28" width="375" height="44"/>
                                        <autoresizingMask key="autoresizingMask"/>
                                        <tableViewCellContentView key="contentView" opaque="NO" clipsSubviews="YES" multipleTouchEnabled="YES" contentMode="center" insetsLayoutMarginsFromSafeArea="NO" tableViewCell="zw7-4N-TQu" id="MPH-GA-1Ig">
                                            <rect key="frame" x="0.0" y="0.0" width="375" height="44"/>
                                            <autoresizingMask key="autoresizingMask"/>
                                            <subviews>
                                                <label opaque="NO" userInteractionEnabled="NO" contentMode="left" horizontalHuggingPriority="251" verticalHuggingPriority="251" fixedFrame="YES" text="Label" textAlignment="natural" lineBreakMode="tailTruncation" baselineAdjustment="alignBaselines" adjustsFontSizeToFit="NO" translatesAutoresizingMaskIntoConstraints="NO" id="5LK-Gc-YZs">
                                                    <rect key="frame" x="224" y="20" width="200" height="40"/>
                                                    <autoresizingMask key="autoresizingMask" flexibleMaxX="YES" flexibleMaxY="YES"/>
                                                    <fontDescription key="fontDescription" name="HiraMinProN-W3" family="Hiragino Mincho ProN" pointSize="17"/>
                                                    <nil key="textColor"/>
                                                    <nil key="highlightedColor"/>
                                                </label>
                                                <imageView clipsSubviews="YES" userInteractionEnabled="NO" contentMode="scaleAspectFit" horizontalHuggingPriority="251" verticalHuggingPriority="251" fixedFrame="YES" translatesAutoresizingMaskIntoConstraints="NO" id="KUG-u2-8dY">
                                                    <rect key="frame" x="0.0" y="0.0" width="200" height="300"/>
                                                    <autoresizingMask key="autoresizingMask" flexibleMaxX="YES" flexibleMaxY="YES"/>
                                                </imageView>
                                            </subviews>
                                        </tableViewCellContentView>
                                        <connections>
                                            <outlet property="img" destination="KUG-u2-8dY" id="Deq-sj-p11"/>
                                            <outlet property="lbl" destination="5LK-Gc-YZs" id="hgt-6U-QWi"/>
                                        </connections>
                                    </tableViewCell>
                                </prototypes>
                            </tableView>
                            <imageView clipsSubviews="YES" userInteractionEnabled="NO" contentMode="scaleAspectFit" horizontalHuggingPriority="251" verticalHuggingPriority="251" fixedFrame="YES" image="Image-1" adjustsImageSizeForAccessibilityContentSizeCategory="YES" translatesAutoresizingMaskIntoConstraints="NO" id="Qv0-j3-5Ha">
                                <rect key="frame" x="0.0" y="559" width="375" height="100"/>
                                <autoresizingMask key="autoresizingMask" flexibleMaxX="YES" flexibleMaxY="YES"/>
                            </imageView>
                            <label opaque="NO" userInteractionEnabled="NO" contentMode="left" horizontalHuggingPriority="251" verticalHuggingPriority="251" fixedFrame="YES" text="Currently viewing: Most Popular. Select title for more information." textAlignment="center" lineBreakMode="tailTruncation" numberOfLines="2" baselineAdjustment="alignBaselines" adjustsFontSizeToFit="NO" translatesAutoresizingMaskIntoConstraints="NO" id="6aw-Pb-ZcU">
                                <rect key="frame" x="9" y="608" width="354" height="39"/>
                                <autoresizingMask key="autoresizingMask" flexibleMaxX="YES" flexibleMaxY="YES"/>
                                <color key="tintColor" cocoaTouchSystemColor="darkTextColor"/>
                                <fontDescription key="fontDescription" name="HiraMinProN-W3" family="Hiragino Mincho ProN" pointSize="17"/>
                                <color key="textColor" white="0.0" alpha="1" colorSpace="custom" customColorSpace="genericGamma22GrayColorSpace"/>
                                <nil key="highlightedColor"/>
                            </label>
                            <button opaque="NO" contentMode="scaleToFill" fixedFrame="YES" contentHorizontalAlignment="center" contentVerticalAlignment="center" lineBreakMode="middleTruncation" translatesAutoresizingMaskIntoConstraints="NO" id="bhJ-hb-Eeg">
                                <rect key="frame" x="0.0" y="0.0" width="150" height="60"/>
                                <autoresizingMask key="autoresizingMask" flexibleMaxX="YES" flexibleMaxY="YES"/>
                                <state key="normal" title="Coming Soon" image="Image">
                                    <color key="titleColor" red="0.4492809176" green="0.9935570359" blue="1" alpha="1" colorSpace="custom" customColorSpace="sRGB"/>
                                    <color key="titleShadowColor" cocoaTouchSystemColor="darkTextColor"/>
                                </state>
                                <connections>
                                    <action selector="btnLeft:" destination="BYZ-38-t0r" eventType="touchUpInside" id="JHm-ef-bt5"/>
                                </connections>
                            </button>
                            <button opaque="NO" contentMode="scaleToFill" fixedFrame="YES" contentHorizontalAlignment="center" contentVerticalAlignment="center" lineBreakMode="middleTruncation" translatesAutoresizingMaskIntoConstraints="NO" id="MBi-3r-svR">
                                <rect key="frame" x="225" y="0.0" width="150" height="60"/>
                                <autoresizingMask key="autoresizingMask" flexibleMaxX="YES" flexibleMaxY="YES"/>
                                <state key="normal" title="Top Rated" image="Image">
                                    <color key="titleColor" red="0.4492809176" green="0.9935570359" blue="1" alpha="1" colorSpace="custom" customColorSpace="sRGB"/>
                                    <color key="titleShadowColor" cocoaTouchSystemColor="darkTextColor"/>
                                </state>
                                <connections>
                                    <action selector="btnRight:" destination="BYZ-38-t0r" eventType="touchUpInside" id="7yS-fI-9TW"/>
                                </connections>
                            </button>
                            <label opaque="NO" userInteractionEnabled="NO" contentMode="left" horizontalHuggingPriority="251" verticalHuggingPriority="251" fixedFrame="YES" text="Top Rated" textAlignment="center" lineBreakMode="tailTruncation" baselineAdjustment="alignBaselines" adjustsFontSizeToFit="NO" translatesAutoresizingMaskIntoConstraints="NO" id="4PA-HI-ywL">
                                <rect key="frame" x="231" y="21" width="139" height="39"/>
                                <autoresizingMask key="autoresizingMask" flexibleMaxX="YES" flexibleMaxY="YES"/>
                                <fontDescription key="fontDescription" name="HiraMinProN-W3" family="Hiragino Mincho ProN" pointSize="17"/>
                                <nil key="textColor"/>
                                <nil key="highlightedColor"/>
                            </label>
                            <label opaque="NO" userInteractionEnabled="NO" contentMode="left" horizontalHuggingPriority="251" verticalHuggingPriority="251" fixedFrame="YES" text="Coming Soon" textAlignment="center" lineBreakMode="tailTruncation" baselineAdjustment="alignBaselines" adjustsFontSizeToFit="NO" translatesAutoresizingMaskIntoConstraints="NO" id="m3O-Kf-BqT">
                                <rect key="frame" x="0.0" y="21" width="150" height="39"/>
                                <autoresizingMask key="autoresizingMask" flexibleMaxX="YES" flexibleMaxY="YES"/>
                                <fontDescription key="fontDescription" name="HiraMinProN-W3" family="Hiragino Mincho ProN" pointSize="17"/>
                                <nil key="textColor"/>
                                <nil key="highlightedColor"/>
                            </label>
                            <imageView clipsSubviews="YES" userInteractionEnabled="NO" contentMode="scaleAspectFit" horizontalHuggingPriority="251" verticalHuggingPriority="251" fixedFrame="YES" translatesAutoresizingMaskIntoConstraints="NO" id="njG-Le-1tp">
                                <rect key="frame" x="87" y="188" width="200" height="300"/>
                                <autoresizingMask key="autoresizingMask" flexibleMaxX="YES" flexibleMaxY="YES"/>
                            </imageView>
                            <view contentMode="scaleToFill" fixedFrame="YES" translatesAutoresizingMaskIntoConstraints="NO" id="caD-NF-VUf">
                                <rect key="frame" x="-4" y="33" width="379" height="634"/>
                                <autoresizingMask key="autoresizingMask" flexibleMaxX="YES" flexibleMaxY="YES"/>
                                <subviews>
                                    <label opaque="NO" userInteractionEnabled="NO" contentMode="left" horizontalHuggingPriority="251" verticalHuggingPriority="251" fixedFrame="YES" text="Label" textAlignment="center" lineBreakMode="tailTruncation" baselineAdjustment="alignBaselines" adjustsFontSizeToFit="NO" translatesAutoresizingMaskIntoConstraints="NO" id="zuS-bl-Od5">
                                        <rect key="frame" x="8" y="8" width="363" height="37"/>
                                        <autoresizingMask key="autoresizingMask" flexibleMaxX="YES" flexibleMaxY="YES"/>
                                        <fontDescription key="fontDescription" name="HiraMinProN-W3" family="Hiragino Mincho ProN" pointSize="17"/>
                                        <nil key="textColor"/>
                                        <nil key="highlightedColor"/>
                                    </label>
                                    <imageView clipsSubviews="YES" userInteractionEnabled="NO" contentMode="scaleAspectFit" horizontalHuggingPriority="251" verticalHuggingPriority="251" fixedFrame="YES" translatesAutoresizingMaskIntoConstraints="NO" id="tq4-QL-ywf">
                                        <rect key="frame" x="8" y="46" width="200" height="300"/>
                                        <autoresizingMask key="autoresizingMask" flexibleMaxX="YES" flexibleMaxY="YES"/>
                                    </imageView>
                                    <label opaque="NO" userInteractionEnabled="NO" contentMode="left" horizontalHuggingPriority="251" verticalHuggingPriority="251" fixedFrame="YES" text="Rating:" textAlignment="natural" lineBreakMode="tailTruncation" numberOfLines="3" baselineAdjustment="alignBaselines" adjustsFontSizeToFit="NO" translatesAutoresizingMaskIntoConstraints="NO" id="vQa-Av-hx0">
                                        <rect key="frame" x="216" y="132" width="155" height="77"/>
                                        <autoresizingMask key="autoresizingMask" flexibleMaxX="YES" flexibleMaxY="YES"/>
                                        <fontDescription key="fontDescription" name="HiraMinProN-W3" family="Hiragino Mincho ProN" pointSize="17"/>
                                        <nil key="textColor"/>
                                        <nil key="highlightedColor"/>
                                    </label>
                                    <label opaque="NO" userInteractionEnabled="NO" contentMode="left" horizontalHuggingPriority="251" verticalHuggingPriority="251" fixedFrame="YES" text="Release Date:" textAlignment="natural" lineBreakMode="tailTruncation" numberOfLines="8" baselineAdjustment="alignBaselines" adjustsFontSizeToFit="NO" translatesAutoresizingMaskIntoConstraints="NO" id="qo5-iz-GXG">
                                        <rect key="frame" x="216" y="217" width="155" height="74"/>
                                        <autoresizingMask key="autoresizingMask" flexibleMaxX="YES" flexibleMaxY="YES"/>
                                        <fontDescription key="fontDescription" name="HiraMinProN-W3" family="Hiragino Mincho ProN" pointSize="17"/>
                                        <nil key="textColor"/>
                                        <nil key="highlightedColor"/>
                                    </label>
                                    <label opaque="NO" userInteractionEnabled="NO" contentMode="left" horizontalHuggingPriority="251" verticalHuggingPriority="251" fixedFrame="YES" text="Plot" textAlignment="natural" lineBreakMode="tailTruncation" numberOfLines="14" baselineAdjustment="alignBaselines" adjustsFontSizeToFit="NO" translatesAutoresizingMaskIntoConstraints="NO" id="zh5-Bp-3jW">
                                        <rect key="frame" x="8" y="348" width="363" height="221"/>
                                        <autoresizingMask key="autoresizingMask" flexibleMaxX="YES" flexibleMaxY="YES"/>
                                        <gestureRecognizers/>
                                        <fontDescription key="fontDescription" name="HiraMinProN-W3" family="Hiragino Mincho ProN" pointSize="15"/>
                                        <nil key="textColor"/>
                                        <nil key="highlightedColor"/>
                                        <connections>
                                            <outletCollection property="gestureRecognizers" destination="0pL-9P-FtL" appends="YES" id="GVJ-up-0aV"/>
                                        </connections>
                                    </label>
                                    <button opaque="NO" contentMode="scaleToFill" fixedFrame="YES" contentHorizontalAlignment="center" contentVerticalAlignment="center" lineBreakMode="middleTruncation" translatesAutoresizingMaskIntoConstraints="NO" id="UY5-aF-yBp">
                                        <rect key="frame" x="8" y="570" width="197" height="64"/>
                                        <autoresizingMask key="autoresizingMask" flexibleMaxX="YES" flexibleMaxY="YES"/>
                                        <color key="backgroundColor" white="0.0" alpha="0.0" colorSpace="custom" customColorSpace="genericGamma22GrayColorSpace"/>
                                        <gestureRecognizers/>
                                        <state key="normal" title="Copy Link to Movie Data Base" image="Image">
                                            <color key="titleColor" red="1" green="1" blue="1" alpha="1" colorSpace="custom" customColorSpace="sRGB"/>
                                        </state>
                                        <connections>
                                            <action selector="btnCopy:" destination="BYZ-38-t0r" eventType="touchUpInside" id="uwW-Q9-hyc"/>
                                            <outletCollection property="gestureRecognizers" destination="0pL-9P-FtL" appends="YES" id="X4w-sR-BIE"/>
                                        </connections>
                                    </button>
                                    <label opaque="NO" userInteractionEnabled="NO" contentMode="left" horizontalHuggingPriority="251" verticalHuggingPriority="251" fixedFrame="YES" text="Genres:" textAlignment="natural" lineBreakMode="tailTruncation" numberOfLines="8" baselineAdjustment="alignBaselines" adjustsFontSizeToFit="NO" translatesAutoresizingMaskIntoConstraints="NO" id="4A5-5Q-D2X">
                                        <rect key="frame" x="216" y="38" width="155" height="86"/>
                                        <autoresizingMask key="autoresizingMask" flexibleMaxX="YES" flexibleMaxY="YES"/>
                                        <fontDescription key="fontDescription" name="HiraMinProN-W3" family="Hiragino Mincho ProN" pointSize="17"/>
                                        <nil key="textColor"/>
                                        <nil key="highlightedColor"/>
                                    </label>
                                    <button opaque="NO" contentMode="scaleToFill" fixedFrame="YES" contentHorizontalAlignment="center" contentVerticalAlignment="center" lineBreakMode="middleTruncation" translatesAutoresizingMaskIntoConstraints="NO" id="ElD-fs-W8r">
                                        <rect key="frame" x="208" y="569" width="171" height="65"/>
                                        <autoresizingMask key="autoresizingMask" flexibleMaxX="YES" flexibleMaxY="YES"/>
                                        <color key="backgroundColor" white="0.0" alpha="0.0" colorSpace="custom" customColorSpace="genericGamma22GrayColorSpace"/>
                                        <state key="normal" title="Close" image="Image">
                                            <color key="titleColor" red="1" green="1" blue="1" alpha="1" colorSpace="custom" customColorSpace="sRGB"/>
                                        </state>
                                        <connections>
                                            <action selector="close:" destination="BYZ-38-t0r" eventType="touchUpInside" id="POx-Cr-9fv"/>
                                        </connections>
                                    </button>
                                    <label opaque="NO" userInteractionEnabled="NO" contentMode="left" horizontalHuggingPriority="251" verticalHuggingPriority="251" fixedFrame="YES" text="Copy link to data base" textAlignment="natural" lineBreakMode="tailTruncation" baselineAdjustment="alignBaselines" adjustsFontSizeToFit="NO" translatesAutoresizingMaskIntoConstraints="NO" id="m5w-sS-O0c">
                                        <rect key="frame" x="18" y="605" width="181" height="17"/>
                                        <autoresizingMask key="autoresizingMask" flexibleMaxX="YES" flexibleMaxY="YES"/>
                                        <fontDescription key="fontDescription" name="HiraMinProN-W3" family="Hiragino Mincho ProN" pointSize="17"/>
                                        <nil key="textColor"/>
                                        <nil key="highlightedColor"/>
                                    </label>
                                    <label opaque="NO" userInteractionEnabled="NO" contentMode="left" horizontalHuggingPriority="251" verticalHuggingPriority="251" fixedFrame="YES" text="Close" textAlignment="natural" lineBreakMode="tailTruncation" baselineAdjustment="alignBaselines" adjustsFontSizeToFit="NO" translatesAutoresizingMaskIntoConstraints="NO" id="Vca-HF-IEV">
                                        <rect key="frame" x="271" y="604" width="44" height="17"/>
                                        <autoresizingMask key="autoresizingMask" flexibleMaxX="YES" flexibleMaxY="YES"/>
                                        <fontDescription key="fontDescription" name="HiraMinProN-W3" family="Hiragino Mincho ProN" pointSize="17"/>
                                        <nil key="textColor"/>
                                        <nil key="highlightedColor"/>
                                    </label>
                                </subviews>
                                <color key="backgroundColor" white="0.66666666666666663" alpha="1" colorSpace="custom" customColorSpace="genericGamma22GrayColorSpace"/>
                                <gestureRecognizers/>
                                <connections>
                                    <outletCollection property="gestureRecognizers" destination="0pL-9P-FtL" appends="YES" id="feT-Ks-HvQ"/>
                                </connections>
                            </view>
                        </subviews>
                        <color key="backgroundColor" systemColor="systemIndigoColor" red="0.34509803919999998" green="0.33725490200000002" blue="0.83921568629999999" alpha="1" colorSpace="custom" customColorSpace="sRGB"/>
                        <viewLayoutGuide key="safeArea" id="6Tk-OE-BBY"/>
                    </view>
                    <connections>
                        <outlet property="backGround" destination="8bC-Xf-vdC" id="stS-Yh-pEM"/>
                        <outlet property="btnCopy" destination="UY5-aF-yBp" id="PIw-EO-8KB"/>
                        <outlet property="btnLeft" destination="bhJ-hb-Eeg" id="h4H-2m-5SJ"/>
                        <outlet property="btnRight" destination="MBi-3r-svR" id="tWD-Iz-8U4"/>
                        <outlet property="imgPoster" destination="njG-Le-1tp" id="oT2-YM-JCe"/>
                        <outlet property="imgPosterInfo" destination="tq4-QL-ywf" id="MKh-fc-dfV"/>
                        <outlet property="lblGenres" destination="4A5-5Q-D2X" id="Tp7-QO-U9i"/>
                        <outlet property="lblInfo" destination="6aw-Pb-ZcU" id="R7u-YA-PbU"/>
                        <outlet property="lblLeft" destination="m3O-Kf-BqT" id="VxQ-PH-n0D"/>
                        <outlet property="lblPlot" destination="zh5-Bp-3jW" id="B1Q-nc-FUb"/>
                        <outlet property="lblRating" destination="vQa-Av-hx0" id="WGS-kl-avE"/>
                        <outlet property="lblRelease" destination="qo5-iz-GXG" id="JQ1-vj-QBz"/>
                        <outlet property="lblRight" destination="4PA-HI-ywL" id="goe-UC-osN"/>
                        <outlet property="lblTitle" destination="zuS-bl-Od5" id="ThQ-Qw-lbb"/>
                        <outlet property="swp" destination="0pL-9P-FtL" id="cBa-EG-F7D"/>
                        <outlet property="tblView" destination="6yN-2c-yd8" id="KnM-X4-fiO"/>
                        <outlet property="viewBackground" destination="caD-NF-VUf" id="4tc-7V-vaF"/>
                    </connections>
                </viewController>
                <placeholder placeholderIdentifier="IBFirstResponder" id="dkx-z0-nzr" sceneMemberID="firstResponder"/>
                <swipeGestureRecognizer direction="down" id="0pL-9P-FtL">
                    <connections>
                        <action selector="SWP:" destination="BYZ-38-t0r" id="FHY-c4-p3A"/>
                    </connections>
                </swipeGestureRecognizer>
            </objects>
            <point key="canvasLocation" x="138.40000000000001" y="109.29535232383809"/>
        </scene>
    </scenes>
    <resources>
        <image name="Image" width="196" height="149"/>
        <image name="Image-1" width="375" height="100"/>
    </resources>
</document>
